id,make,model,year,color,country
1,Ford,Focus,2009,Orange,China
2,Toyota,Sienna,2009,Teal,China
3,Land Rover,Freelander,2001,Blue,South Korea
4,Acura,RL,1996,Orange,Brazil
5,Ford,ZX2,2003,Crimson,China
6,Mitsubishi,Galant,1988,Mauv,Peru
7,Jaguar,XJ,2007,Crimson,China
8,Subaru,Outback,2008,Blue,China
9,Mercedes-Benz,C-Class,1993,Indigo,Russia
10,Mazda,Mazda5,2006,Yellow,Indonesia
11,Pontiac,Tempest,1966,Teal,Madagascar
12,Buick,Century,1993,Pink,Brazil
13,Pontiac,Bonneville,2000,Orange,Vietnam
14,Isuzu,i-280,2006,Puce,Argentina
15,Acura,NSX,1995,Fuscia,Sri Lanka
16,Jaguar,XJ,2012,Blue,Russia
17,Pontiac,Grand Am,2005,Mauv,Madagascar
18,Suzuki,Esteem,1995,Teal,Portugal
19,Jeep,Grand Cherokee,2010,Turquoise,China
20,Pontiac,Sunbird,1990,Aquamarine,China
21,Chevrolet,Lumina,2001,Puce,Japan
22,Chevrolet,Equinox,2011,Mauv,Japan
23,Jaguar,XJ Series,2000,Pink,Chad
24,BMW,525,2004,Teal,Ivory Coast
25,Ford,Ranger,2006,Red,China
26,Oldsmobile,98,1996,Purple,Philippines
27,Lexus,LS,2004,Fuscia,Vietnam
28,Buick,LaCrosse,2010,Fuscia,China
29,Jeep,Commander,2006,Purple,Russia
30,Isuzu,Hombre,1999,Maroon,Thailand
31,Buick,Skyhawk,1984,Fuscia,France
32,Saturn,S-Series,1996,Mauv,Portugal
33,Ford,Mustang,2007,Blue,Brazil
34,Mercury,Sable,1996,Violet,China
35,GMC,2500,1996,Pink,China
36,GMC,Yukon XL 1500,2012,Aquamarine,Azerbaijan
37,Suzuki,Swift,1999,Violet,Vietnam
38,Honda,Passport,1998,Indigo,China
39,Mercedes-Benz,R-Class,2006,Orange,Italy
40,Oldsmobile,Intrigue,1999,Orange,Indonesia
41,Chevrolet,Camaro,1981,Red,Serbia
42,Ford,Explorer Sport Trac,2005,Maroon,China
43,Pontiac,Firebird,1998,Orange,France
44,Toyota,Tacoma,2003,Crimson,China
45,Mitsubishi,Chariot,1992,Fuscia,Iran
46,Toyota,Tacoma,2007,Purple,Afghanistan
47,GMC,Rally Wagon G3500,1996,Blue,Philippines
48,Mazda,GLC,1984,Turquoise,Mongolia
49,Mercury,Cougar,2000,Teal,Colombia
50,Saab,9000,1994,Khaki,China
51,Toyota,Paseo,1996,Fuscia,Portugal
52,Ford,Econoline E350,2000,Orange,China
53,Ford,E250,2005,Maroon,Indonesia
54,GMC,Sierra Denali,2006,Pink,Indonesia
55,Ford,Taurus,1987,Aquamarine,Russia
56,Maybach,57,2007,Puce,Palestinian Territory
57,Volkswagen,Phaeton,2004,Puce,Colombia
58,Jeep,Cherokee,1996,Violet,Hungary
59,Mercedes-Benz,CL-Class,2002,Orange,Brazil
60,Toyota,Solara,2007,Aquamarine,Portugal
61,Toyota,Camry,1996,Pink,El Salvador
62,Nissan,300ZX,1993,Turquoise,Croatia
63,Dodge,Durango,2009,Goldenrod,Ukraine
64,Volkswagen,Golf,1993,Orange,Thailand
65,Mercedes-Benz,600SEC,1993,Green,Sweden
66,Dodge,Viper,2006,Puce,Macedonia
67,Chevrolet,Suburban 1500,2007,Aquamarine,Portugal
68,Chevrolet,Aveo,2008,Mauv,Hungary
69,Toyota,Tundra,2012,Teal,Indonesia
70,BMW,3 Series,2003,Orange,Greece
71,Pontiac,Grand Am,1991,Blue,Kyrgyzstan
72,Cadillac,Escalade,2002,Aquamarine,Nicaragua
73,Volkswagen,Phaeton,2005,Maroon,Vietnam
74,Toyota,Camry,2011,Blue,Mexico
75,Lamborghini,Murciélago,2009,Green,Poland
76,Bugatti,Veyron,2009,Teal,Russia
77,Honda,Civic,2010,Puce,Brazil
78,Pontiac,Bonneville,2004,Violet,United States
79,Suzuki,X-90,1997,Pink,China
80,Maybach,57,2003,Green,France
81,Hyundai,Sonata,2009,Khaki,Comoros
82,Volvo,S80,2004,Khaki,Philippines
83,Mercedes-Benz,E-Class,1984,Turquoise,Thailand
84,Mazda,RX-8,2006,Khaki,Tajikistan
85,Chevrolet,HHR,2006,Turquoise,Australia
86,Pontiac,GTO,1973,Turquoise,China
87,BMW,3 Series,1996,Green,Palestinian Territory
88,Honda,S2000,2009,Pink,Belize
89,Scion,xB,2008,Fuscia,United States
90,Ford,EXP,1987,Violet,Poland
91,Dodge,Dakota,1995,Khaki,Guinea
92,BMW,3 Series,1996,Teal,China
93,Volkswagen,Golf,1989,Purple,Philippines
94,Mitsubishi,Outlander,2006,Indigo,Puerto Rico
95,Bentley,Continental,2008,Khaki,Armenia
96,Toyota,Tacoma,1998,Yellow,Thailand
97,Pontiac,Bonneville,2001,Violet,Thailand
98,Ford,Escort,1990,Red,Indonesia
99,Dodge,Durango,2012,Violet,France
100,Ram,2500,2011,Purple,China
101,Volkswagen,CC,2012,Teal,Greece
102,Chevrolet,Express 1500,1997,Yellow,Mexico
103,Mercedes-Benz,W123,1977,Orange,China
104,Ford,Mustang,2011,Puce,United States
105,Volvo,S40,2000,Orange,Philippines
106,Cadillac,STS-V,2009,Blue,Argentina
107,Honda,Accord,2008,Maroon,Brazil
108,Honda,Prelude,1996,Yellow,Bosnia and Herzegovina
109,Ford,Explorer,1996,Indigo,Yemen
110,Toyota,Land Cruiser,1998,Purple,Indonesia
111,Nissan,240SX,1993,Blue,Brazil
112,Nissan,Xterra,2009,Blue,Bangladesh
113,Dodge,Ram Van 3500,2003,Mauv,France
114,Corbin,Sparrow,2004,Turquoise,Finland
115,Buick,Rendezvous,2007,Fuscia,Russia
116,Plymouth,Voyager,1999,Maroon,Philippines
117,Mercedes-Benz,M-Class,2009,Indigo,Nigeria
118,Toyota,Tacoma,1999,Puce,Sri Lanka
119,Mercedes-Benz,CL-Class,2004,Mauv,China
120,Pontiac,Daewoo Kalos,2006,Blue,Azerbaijan
121,Nissan,Altima,2002,Khaki,Croatia
122,Ford,Bronco II,1986,Red,Japan
123,Dodge,Challenger,2012,Goldenrod,Ukraine
124,Buick,LeSabre,1986,Teal,Indonesia
125,GMC,Savana,2010,Teal,Colombia
126,Chevrolet,Malibu,2007,Red,France
127,Hyundai,Elantra,2011,Red,Afghanistan
128,Ford,Mustang,1970,Mauv,Mexico
129,Plymouth,Laser,1992,Yellow,Poland
130,Ford,Probe,1993,Yellow,Brazil
131,Dodge,Shadow,1993,Violet,Slovenia
132,Mercury,Grand Marquis,1998,Maroon,Czech Republic
133,Oldsmobile,Cutlass Supreme,1992,Violet,China
134,Chevrolet,Traverse,2010,Red,China
135,Chevrolet,Beretta,1996,Indigo,France
136,Pontiac,Firebird,1993,Khaki,Argentina
137,Audi,RS6,2003,Yellow,Russia
138,Infiniti,QX56,2011,Mauv,Russia
139,Hyundai,Elantra,1994,Red,Latvia
140,Ford,Escort,1991,Mauv,Syria
141,Buick,Terraza,2005,Turquoise,Yemen
142,GMC,Savana 3500,2006,Violet,Indonesia
143,Toyota,Tacoma Xtra,2000,Blue,United States
144,Mazda,MPV,2003,Pink,Russia
145,Mitsubishi,Outlander,2012,Teal,Russia
146,Lincoln,Navigator,2003,Violet,Cuba
147,Lincoln,Town Car,1995,Mauv,Philippines
148,Hyundai,Accent,2009,Indigo,France
149,Pontiac,Trans Sport,1999,Goldenrod,Iran
150,Mercedes-Benz,C-Class,1994,Green,Azerbaijan
151,Volkswagen,Jetta III,1993,Orange,Thailand
152,GMC,Jimmy,2001,Orange,United States
153,Chevrolet,Express 3500,1998,Purple,Myanmar
154,Pontiac,Turbo Firefly,1988,Red,Brazil
155,Volvo,V70,1999,Mauv,Indonesia
156,Buick,Somerset,1987,Blue,Colombia
157,Ford,Escort,2000,Pink,Indonesia
158,Toyota,T100,1993,Khaki,Brazil
159,Volkswagen,rio,1997,Mauv,Indonesia
160,Oldsmobile,88,1995,Turquoise,Vietnam
161,Lincoln,Continental Mark VII,1987,Crimson,Kyrgyzstan
162,Buick,Regal,1993,Blue,Tanzania
163,Jaguar,XK Series,1997,Orange,Bulgaria
164,Ford,Edge,2011,Purple,China
165,Dodge,Caravan,2000,Fuscia,Indonesia
166,Hummer,H1,2001,Mauv,Japan
167,Audi,Quattro,1985,Orange,Bosnia and Herzegovina
168,Aston Martin,DBS,2012,Mauv,Indonesia
169,Mazda,MX-6,1992,Maroon,France
170,Pontiac,Grand Prix,1983,Crimson,Sweden
171,Ford,Transit Connect,2013,Maroon,Ukraine
172,Chrysler,Sebring,2002,Fuscia,Philippines
173,Toyota,Solara,2000,Puce,China
174,Chevrolet,Suburban,2009,Purple,Paraguay
175,Mazda,CX-7,2010,Khaki,Nicaragua
176,Chevrolet,S10,2002,Orange,Guatemala
177,Suzuki,Daewoo Lacetti,2007,Pink,Pakistan
178,Toyota,MR2,2004,Aquamarine,Sri Lanka
179,Volkswagen,Fox,1993,Blue,Greece
180,Audi,A6,2012,Mauv,China
181,Dodge,Ram 3500,2006,Orange,China
182,Mitsubishi,Montero Sport,2003,Maroon,Thailand
183,Mercedes-Benz,S-Class,2002,Blue,United States
184,Toyota,Sequoia,2001,Fuscia,Czech Republic
185,Oldsmobile,Silhouette,1993,Red,Peru
186,Buick,Regal,1997,Pink,Uruguay
187,Chevrolet,Express 1500,2003,Khaki,Norway
188,Mazda,CX-9,2009,Orange,Poland
189,Lincoln,Town Car,1993,Yellow,China
190,Volvo,V50,2005,Blue,Vietnam
191,Saturn,VUE,2009,Purple,Poland
192,Porsche,Cayenne,2004,Yellow,China
193,Nissan,Altima,2004,Indigo,Japan
194,Plymouth,Neon,1998,Mauv,Vietnam
195,Volkswagen,Jetta,2000,Khaki,Brazil
196,Suzuki,Grand Vitara,2011,Green,Czech Republic
197,Dodge,Caravan,1992,Pink,Finland
198,Chevrolet,Caprice,1994,Violet,Philippines
199,GMC,Sierra 3500,2007,Purple,Sweden
200,Mitsubishi,Lancer,2011,Pink,China
201,Mitsubishi,Mirage,1990,Orange,Philippines
202,Jaguar,XJ Series,2001,Indigo,Vietnam
203,Lexus,IS,2012,Red,China
204,BMW,M3,2008,Khaki,Portugal
205,Honda,Civic,1989,Crimson,Indonesia
206,Oldsmobile,Aurora,2001,Goldenrod,China
207,Plymouth,Colt Vista,1992,Maroon,China
208,Honda,Accord,1991,Red,Brazil
209,Lamborghini,Murciélago LP640,2008,Mauv,Sweden
210,Mercedes-Benz,SL-Class,2008,Pink,United States
211,BMW,M5,2007,Yellow,Indonesia
212,Maybach,57,2004,Turquoise,Indonesia
213,Volkswagen,Eurovan,2003,Maroon,Zimbabwe
214,Volvo,C70,2006,Violet,Russia
215,Pontiac,Sunfire,2001,Indigo,Portugal
216,BMW,530,2001,Aquamarine,Portugal
217,Chevrolet,Prizm,1999,Crimson,China
218,Hyundai,Sonata,2006,Orange,Philippines
219,Lincoln,Continental,1994,Aquamarine,China
220,Mazda,CX-9,2007,Pink,Indonesia
221,Jeep,Grand Cherokee,2008,Aquamarine,Cyprus
222,Acura,Legend,1994,Teal,Uganda
223,Citroën,CX,1989,Puce,China
224,Mercedes-Benz,C-Class,2001,Orange,Indonesia
225,Audi,A6,2000,Puce,Malaysia
226,Mercedes-Benz,SLR McLaren,2009,Pink,Czech Republic
227,Renault,Alliance,1983,Indigo,Indonesia
228,Ford,E250,1984,Yellow,China
229,Lotus,Evora,2011,Fuscia,Paraguay
230,Ford,Fusion,2007,Red,Indonesia
231,Kia,Optima,2001,Purple,Dominican Republic
232,Chevrolet,Express 2500,2010,Goldenrod,Honduras
233,Mazda,MPV,1995,Mauv,United States
234,Aston Martin,V8 Vantage,2010,Mauv,Indonesia
235,Mercedes-Benz,CL-Class,2003,Yellow,China
236,Infiniti,QX,2006,Goldenrod,China
237,Oldsmobile,Aurora,1997,Blue,Indonesia
238,Mercury,Capri,1994,Orange,Brazil
239,Volkswagen,Golf,2010,Blue,United Arab Emirates
240,GMC,Yukon,1995,Yellow,Ireland
241,Chevrolet,TrailBlazer,2005,Red,Canada
242,Audi,A6,2012,Mauv,Nigeria
243,Audi,A4,2003,Green,Portugal
244,Plymouth,Neon,2000,Blue,Ukraine
245,Mercedes-Benz,SLK-Class,1998,Violet,United States
246,Mercedes-Benz,400E,1993,Khaki,United States
247,Buick,Skyhawk,1984,Purple,Ukraine
248,Chevrolet,Silverado,2001,Yellow,Peru
249,Hyundai,Tiburon,2007,Khaki,Bosnia and Herzegovina
250,Buick,Electra,1984,Khaki,Zambia
251,Pontiac,LeMans,1989,Khaki,Thailand
252,Dodge,Neon,1995,Fuscia,Brazil
253,Buick,Riviera,1985,Violet,Peru
254,Geo,Tracker,1994,Violet,Iran
255,Ford,F-Series,2008,Aquamarine,Indonesia
256,Toyota,Sienna,2002,Pink,Namibia
257,Audi,riolet,1997,Blue,Greece
258,Chevrolet,Silverado 3500,2012,Violet,France
259,Mercury,Lynx,1985,Maroon,Guatemala
260,GMC,Rally Wagon 3500,1993,Teal,China
261,Audi,Cabriolet,1997,Goldenrod,Portugal
262,Maybach,Landaulet,2011,Goldenrod,China
263,Lincoln,Town Car,1993,Yellow,Philippines
264,Volvo,XC60,2011,Goldenrod,Ukraine
265,Toyota,Camry Hybrid,2012,Teal,Indonesia
266,Mercedes-Benz,M-Class,2002,Puce,Philippines
267,Cadillac,Eldorado,1996,Pink,Paraguay
268,Audi,A6,2008,Orange,Indonesia
269,Buick,Rendezvous,2004,Violet,Indonesia
270,Toyota,Tacoma,2005,Mauv,Japan
271,Toyota,Matrix,2011,Yellow,Indonesia
272,Chevrolet,Suburban 2500,2009,Indigo,Philippines
273,Chrysler,Crossfire,2008,Mauv,China
274,Mitsubishi,Montero Sport,2000,Indigo,Indonesia
275,Dodge,Charger,2008,Green,Indonesia
276,Hyundai,Santa Fe,2009,Blue,Brazil
277,Dodge,Caliber,2009,Crimson,Thailand
278,GMC,Jimmy,1992,Goldenrod,Portugal
279,Mercedes-Benz,C-Class,1998,Red,Russia
280,Ford,F350,1999,Yellow,China
281,Nissan,GT-R,2013,Green,Colombia
282,Nissan,Frontier,2002,Mauv,Japan
283,Pontiac,Grand Am,1993,Yellow,Mexico
284,Pontiac,Grand Am,2005,Violet,Russia
285,GMC,Envoy,2002,Puce,China
286,Volkswagen,Jetta,1988,Turquoise,Japan
287,Mazda,MX-5,2011,Pink,Mexico
288,Hummer,H2,2003,Goldenrod,Argentina
289,Ford,F-Series,1995,Crimson,Japan
290,BMW,5 Series,1998,Aquamarine,Malaysia
291,Studebaker,Avanti,1963,Blue,Indonesia
292,Cadillac,Escalade ESV,2005,Mauv,Botswana
293,BMW,Z4,2008,Green,China
294,Toyota,Sienna,2007,Purple,China
295,Honda,CR-V,2000,Red,Poland
296,Pontiac,G6,2006,Pink,China
297,Infiniti,FX,2007,Pink,China
298,Volkswagen,Cabriolet,1992,Green,Russia
299,Infiniti,G25,2012,Goldenrod,China
300,Dodge,Ram 1500 Club,2000,Mauv,Greece
301,Chevrolet,3500,1999,Red,China
302,Cadillac,Fleetwood,1994,Violet,China
303,Audi,TT,2009,Yellow,Nigeria
304,Toyota,Sienna,2012,Mauv,China
305,Ford,Tempo,1989,Crimson,Sweden
306,Ford,E-350 Super Duty Van,2006,Goldenrod,Czech Republic
307,Jaguar,XK Series,2005,Mauv,Mauritius
308,Suzuki,Swift,1996,Fuscia,China
309,Toyota,TundraMax,2011,Red,Thailand
310,Mitsubishi,Diamante,1999,Maroon,China
311,Dodge,Grand Caravan,2006,Pink,Indonesia
312,Chevrolet,Colorado,2011,Turquoise,Russia
313,Cadillac,Escalade,2008,Khaki,Indonesia
314,Mercedes-Benz,SLK-Class,2005,Yellow,Indonesia
315,Mercedes-Benz,CLS-Class,2006,Khaki,Venezuela
316,Ford,F-Series,1994,Yellow,France
317,Chevrolet,Silverado 2500,2010,Teal,Sweden
318,Jaguar,S-Type,2007,Indigo,Brazil
319,Cadillac,XLR,2009,Blue,Brazil
320,Jeep,Wrangler,1995,Orange,Finland
321,Volkswagen,New Beetle,2008,Blue,Iran
322,GMC,Savana 1500,2006,Crimson,South Korea
323,Hummer,H1,2002,Red,Brazil
324,Mercury,Milan,2009,Red,Denmark
325,Honda,Accord,2005,Turquoise,Kazakhstan
326,Honda,Accord,2004,Puce,Iran
327,Mercury,Mystique,2000,Puce,China
328,Ford,E-Series,2009,Pink,Colombia
329,Rolls-Royce,Ghost,2011,Yellow,Latvia
330,Maserati,GranTurismo,2008,Goldenrod,Taiwan
331,Kia,Rio,2013,Turquoise,Philippines
332,Subaru,Impreza,2001,Aquamarine,Portugal
333,Toyota,Land Cruiser,2006,Red,Malaysia
334,Oldsmobile,Silhouette,2000,Crimson,Philippines
335,Volkswagen,Passat,2010,Crimson,Norway
336,GMC,Vandura 2500,1992,Orange,Mongolia
337,Toyota,4Runner,1995,Yellow,Indonesia
338,Infiniti,QX,2005,Blue,Spain
339,Tesla,Model S,2012,Yellow,Brazil
340,Volvo,V50,2008,Goldenrod,Colombia
341,Mazda,MX-6,1991,Crimson,Portugal
342,Buick,Regal,1993,Maroon,China
343,Kia,Sorento,2003,Pink,Costa Rica
344,Chevrolet,2500,1994,Crimson,Indonesia
345,Jeep,Grand Cherokee,1998,Mauv,Philippines
346,GMC,3500 Club Coupe,1992,Blue,Philippines
347,Land Rover,Range Rover,1997,Turquoise,Nicaragua
348,Chevrolet,Corvette,1958,Red,China
349,Mazda,929,1989,Indigo,Ukraine
350,Mercedes-Benz,CLK-Class,2002,Crimson,China
351,Lexus,LS,1991,Teal,Poland
352,Suzuki,Equator,2009,Khaki,Brazil
353,Dodge,Ram 2500,1994,Puce,China
354,Dodge,Sprinter,2009,Blue,Ecuador
355,Buick,Century,2003,Goldenrod,China
356,BMW,X5,2013,Blue,Brazil
357,Buick,Skylark,1992,Violet,France
358,Porsche,911,2006,Puce,Nicaragua
359,Buick,LaCrosse,2009,Crimson,Ireland
360,GMC,Savana 3500,1998,Blue,Indonesia
361,BMW,M3,1999,Red,Russia
362,Hyundai,Sonata,1998,Puce,Philippines
363,Jeep,Patriot,2007,Khaki,Brazil
364,Lexus,LS Hybrid,2011,Aquamarine,China
365,BMW,3 Series,2009,Pink,Venezuela
366,Dodge,Dakota,1992,Puce,Indonesia
367,Honda,Odyssey,2000,Teal,Brazil
368,Mercedes-Benz,E-Class,2009,Turquoise,Indonesia
369,BMW,3 Series,2005,Puce,Somalia
370,GMC,Savana,2009,Green,Sweden
371,Mitsubishi,Endeavor,2011,Yellow,Russia
372,Dodge,Ramcharger,1993,Khaki,Indonesia
373,Lexus,IS,2011,Red,Indonesia
374,Lexus,LX,1998,Khaki,Czech Republic
375,Chevrolet,Corvette,1955,Red,Portugal
376,Ram,3500,2011,Crimson,Japan
377,BMW,M3,2008,Turquoise,Nigeria
378,Ford,F150,2005,Red,France
379,Volvo,S60,2005,Purple,Costa Rica
380,Cadillac,CTS,2006,Yellow,Portugal
381,Nissan,Altima,2005,Blue,China
382,GMC,Sierra 1500,2011,Puce,Indonesia
383,Hyundai,Elantra,2010,Orange,Guatemala
384,GMC,Suburban 1500,1997,Purple,Indonesia
385,Ford,Expedition,1997,Puce,Philippines
386,Lexus,GS,2007,Puce,Mexico
387,Lexus,LX,2011,Green,Ivory Coast
388,Lexus,SC,2009,Khaki,China
389,Ford,Explorer,2013,Puce,Indonesia
390,Bentley,Azure,2010,Maroon,Portugal
391,Porsche,Cayman,2008,Indigo,China
392,Jeep,Grand Cherokee,2002,Orange,Malaysia
393,Cadillac,CTS,2012,Puce,Ukraine
394,Lexus,RX,2012,Violet,Poland
395,Mercury,Montego,2006,Khaki,Mexico
396,Hyundai,Elantra,2008,Green,Philippines
397,Dodge,Ram,1994,Yellow,Afghanistan
398,Subaru,Justy,1988,Crimson,Iran
399,BMW,M,2000,Orange,Chile
400,Pontiac,Firebird,2002,Violet,Russia
401,Dodge,Caliber,2010,Mauv,Malaysia
402,Nissan,Rogue,2009,Pink,Kosovo
403,Pontiac,Grand Prix,1978,Goldenrod,China
404,Nissan,350Z,2007,Green,Austria
405,Porsche,Boxster,2007,Crimson,China
406,Chevrolet,Monte Carlo,2004,Khaki,Venezuela
407,Saab,9-5,1999,Green,Luxembourg
408,Lexus,ES,1996,Aquamarine,Portugal
409,Lamborghini,Murciélago LP640,2008,Aquamarine,Indonesia
410,Chrysler,Voyager,2002,Red,Indonesia
411,Subaru,Outback,2002,Teal,Thailand
412,Ford,F350,1993,Indigo,Indonesia
413,Pontiac,6000,1991,Red,Argentina
414,Ford,Club Wagon,1992,Purple,Poland
415,Chevrolet,Impala,2000,Fuscia,Indonesia
416,Volvo,S80,2011,Teal,China
417,Chevrolet,G-Series G30,1995,Maroon,China
418,Volkswagen,GTI,2002,Maroon,Canada
419,GMC,3500,1997,Violet,Russia
420,Audi,RS 4,2007,Fuscia,Indonesia
421,Eagle,Summit,1995,Blue,Portugal
422,Mitsubishi,Montero Sport,2002,Orange,Poland
423,Jeep,Grand Cherokee,2010,Teal,China
424,Acura,RL,2000,Violet,United States
425,Cadillac,CTS-V,2009,Red,Brazil
426,Lexus,GS,2001,Teal,Philippines
427,Dodge,Ram 1500,2002,Orange,Russia
428,Dodge,Durango,2001,Puce,China
429,Honda,Odyssey,1997,Red,United States
430,Pontiac,Trans Sport,1995,Indigo,Philippines
431,Mercury,Montego,2006,Violet,China
432,Maybach,57,2003,Mauv,Mexico
433,Mercedes-Benz,SLR McLaren,2006,Khaki,Argentina
434,Chevrolet,Aveo,2005,Purple,Thailand
435,Toyota,Camry,2005,Turquoise,Sweden
436,Volkswagen,Golf,1996,Turquoise,United States
437,Buick,Regal,2000,Crimson,Argentina
438,Cadillac,CTS,2005,Puce,Russia
439,GMC,Sonoma,2001,Goldenrod,China
440,Isuzu,Axiom,2003,Violet,China
441,Pontiac,Solstice,2007,Purple,Philippines
442,Pontiac,Sunfire,1995,Crimson,Philippines
443,Chevrolet,Camaro,1974,Goldenrod,Brazil
444,Toyota,Camry Hybrid,2011,Maroon,China
445,Dodge,Caravan,2004,Pink,Peru
446,Mercury,Grand Marquis,2003,Purple,Albania
447,Maserati,Spyder,2002,Fuscia,China
448,Oldsmobile,88,1995,Fuscia,Peru
449,Hyundai,Veloster,2012,Teal,Poland
450,Aston Martin,DBS,2011,Crimson,Dominican Republic
451,Ferrari,F430,2006,Yellow,North Korea
452,Pontiac,Firefly,1987,Crimson,Croatia
453,Volvo,XC90,2008,Mauv,Serbia
454,Chevrolet,Malibu,2009,Green,Luxembourg
455,GMC,Sierra,2007,Pink,Indonesia
456,BMW,745,2002,Turquoise,Guinea
457,Volkswagen,Golf,1986,Crimson,Russia
458,Hyundai,XG300,2001,Blue,France
459,Porsche,928,1991,Aquamarine,France
460,Ford,Taurus,2006,Purple,Palestinian Territory
461,Hyundai,Sonata,1998,Green,Czech Republic
462,Mitsubishi,Expo,1993,Aquamarine,Philippines
463,Chevrolet,Monte Carlo,2005,Khaki,Indonesia
464,Isuzu,Stylus,1992,Orange,Poland
465,Ford,Edge,2010,Puce,Indonesia
466,Lotus,Esprit,1997,Puce,China
467,Volkswagen,Cabriolet,2001,Crimson,Belarus
468,Mercedes-Benz,C-Class,1998,Goldenrod,France
469,Subaru,Tribeca,2010,Aquamarine,Ukraine
470,GMC,Yukon XL 2500,2010,Pink,France
471,Nissan,Frontier,2003,Maroon,Netherlands
472,Jeep,Wrangler,2002,Purple,Indonesia
473,Ford,Explorer Sport Trac,2007,Goldenrod,Vietnam
474,Mercedes-Benz,W201,1986,Blue,Poland
475,Mazda,Navajo,1991,Orange,Poland
476,Volvo,V50,2006,Purple,Philippines
477,Mercury,Mystique,1998,Khaki,Brazil
478,Ford,Focus,2006,Green,France
479,Jeep,Grand Cherokee,2009,Mauv,Japan
480,Kia,Rio,2001,Crimson,Indonesia
481,Toyota,TundraMax,2008,Maroon,China
482,Kia,Sportage,2002,Maroon,United States
483,Ford,Escort,1994,Khaki,China
484,Mazda,B-Series,1988,Puce,Ireland
485,Mitsubishi,Tundra,2009,Aquamarine,Philippines
486,Mazda,B-Series,1990,Yellow,Indonesia
487,Chevrolet,Classic,2004,Khaki,China
488,Plymouth,Voyager,1998,Pink,Canada
489,Subaru,Legacy,2012,Crimson,Latvia
490,GMC,Sonoma Club Coupe,1994,Crimson,Indonesia
491,Chevrolet,2500,1994,Turquoise,Netherlands
492,Audi,R8,2008,Orange,Russia
493,Lexus,GS,1996,Turquoise,Mexico
494,GMC,Savana 1500,2002,Yellow,Brazil
495,Audi,Allroad,2002,Purple,Macedonia
496,Volkswagen,Jetta,1989,Goldenrod,Philippines
497,Dodge,Dakota,2008,Mauv,Japan
498,Nissan,Maxima,1998,Red,Indonesia
499,Honda,CR-V,2007,Pink,Denmark
500,Hyundai,Elantra,2013,Puce,Indonesia
501,Mazda,Mazda6,2003,Goldenrod,China
502,Porsche,911,1992,Yellow,Philippines
503,Mercedes-Benz,G-Class,2012,Maroon,Philippines
504,Pontiac,Grand Prix,1971,Puce,Thailand
505,Chevrolet,Tahoe,1999,Mauv,Sweden
506,Land Rover,Defender,1994,Teal,Ukraine
507,Ford,F150,2007,Teal,China
508,Mitsubishi,Outlander,2007,Teal,Portugal
509,Jeep,Wrangler,2004,Mauv,China
510,Ford,Crown Victoria,1998,Yellow,China
511,GMC,Savana 3500,1999,Yellow,France
512,Jaguar,XK,2012,Fuscia,Ethiopia
513,Mazda,MX-3,1993,Green,France
514,Volkswagen,Jetta,1997,Maroon,Sweden
515,Porsche,911,1995,Crimson,Indonesia
516,GMC,Sonoma Club Coupe,1993,Turquoise,Russia
517,Ford,LTD Crown Victoria,1985,Pink,Brazil
518,Mercury,Milan,2010,Pink,Indonesia
519,Mercury,Mariner,2006,Aquamarine,France
520,GMC,Sonoma,1993,Orange,Sweden
521,Chevrolet,Blazer,1992,Violet,Poland
522,Cadillac,Allante,1993,Aquamarine,China
523,Lexus,IS,2007,Indigo,Indonesia
524,Chevrolet,TrailBlazer,2002,Puce,Thailand
525,Mitsubishi,Eclipse,1995,Turquoise,China
526,Ram,1500,2012,Maroon,China
527,Land Rover,Discovery Series II,1999,Orange,Mexico
528,Land Rover,LR4,2012,Indigo,Brazil
529,Pontiac,Sunfire,2000,Goldenrod,Greece
530,Pontiac,Montana,1999,Puce,New Caledonia
531,Volkswagen,New Beetle,2003,Aquamarine,Philippines
532,Isuzu,Trooper,1994,Fuscia,China
533,Saturn,VUE,2003,Pink,Peru
534,Hyundai,Tiburon,2003,Blue,Greece
535,Pontiac,G8,2008,Green,Chile
536,Jaguar,XJ,2007,Teal,China
537,Audi,R8,2009,Mauv,Czech Republic
538,Nissan,Altima,1999,Red,Morocco
539,Volkswagen,Tiguan,2010,Puce,Honduras
540,Dodge,Ram 3500,2002,Indigo,Sweden
541,Audi,S6,2010,Turquoise,Sweden
542,Chevrolet,Suburban 2500,1993,Orange,Poland
543,Scion,tC,2013,Green,Indonesia
544,Lexus,ES,2006,Purple,Nigeria
545,Infiniti,M,2012,Purple,Poland
546,GMC,Envoy,2005,Indigo,China
547,Mitsubishi,Eclipse,2009,Teal,Malaysia
548,Mazda,Tribute,2006,Violet,Greece
549,Audi,100,1989,Orange,Russia
550,Chrysler,LeBaron,1994,Green,Qatar
551,Mazda,B-Series,1990,Goldenrod,Tanzania
552,Mercedes-Benz,SLR McLaren,2007,Pink,China
553,Pontiac,Vibe,2003,Pink,Poland
554,Pontiac,GTO,2006,Teal,Poland
555,Subaru,Loyale,1990,Green,France
556,Ford,F-Series,1994,Violet,Netherlands
557,Chevrolet,Camaro,1980,Red,Poland
558,Ford,Mustang,1997,Indigo,Vietnam
559,Maserati,Spyder,1990,Turquoise,Russia
560,Isuzu,Ascender,2008,Green,France
561,Hummer,H3,2008,Green,Poland
562,GMC,Canyon,2009,Indigo,Costa Rica
563,Subaru,XT,1988,Pink,Portugal
564,Ford,Fairlane,1967,Red,Philippines
565,Audi,A5,2008,Turquoise,Poland
566,Ford,E250,2009,Khaki,Iran
567,Chevrolet,Silverado,2002,Mauv,Brazil
568,Dodge,Ram 1500,2007,Puce,Russia
569,Chrysler,300,2012,Yellow,Palestinian Territory
570,Audi,A6,2007,Khaki,Canada
571,Nissan,NX,1992,Pink,Germany
572,Dodge,Dakota Club,2004,Mauv,Russia
573,Chevrolet,1500,1994,Blue,Macedonia
574,Ford,Probe,1995,Fuscia,China
575,Mercury,Sable,2005,Maroon,China
576,Dodge,Dakota Club,2005,Teal,Dominican Republic
577,Honda,Element,2010,Puce,Papua New Guinea
578,Jeep,Liberty,2006,Red,Indonesia
579,Mercedes-Benz,G-Class,2005,Crimson,Brazil
580,Aston Martin,Vantage,2009,Maroon,Indonesia
581,Lexus,ES,2001,Puce,Portugal
582,Nissan,Titan,2005,Crimson,Finland
583,Toyota,Paseo,1997,Crimson,Ethiopia
584,Audi,A4,2008,Crimson,Palestinian Territory
585,Honda,Civic,2005,Aquamarine,Philippines
586,Dodge,Caliber,2010,Pink,Poland
587,Dodge,Ram Van 2500,2000,Maroon,Russia
588,Chevrolet,Sportvan G30,1995,Teal,Indonesia
589,Pontiac,LeMans,1968,Yellow,China
590,Volkswagen,Passat,1998,Turquoise,China
591,Toyota,Corolla,1992,Green,Philippines
592,Lexus,CT,2012,Pink,Sweden
593,Mitsubishi,Eclipse,2007,Purple,Bangladesh
594,Buick,Coachbuilder,1995,Maroon,Indonesia
595,Mercury,Cougar,1985,Aquamarine,Russia
596,Toyota,Venza,2010,Orange,Russia
597,Dodge,Stealth,1996,Purple,Indonesia
598,Jeep,Commander,2009,Yellow,Norway
599,Volkswagen,Scirocco,1987,Puce,Sweden
600,Acura,MDX,2001,Turquoise,Thailand
601,Dodge,Ram 3500 Club,1995,Purple,Russia
602,Buick,Skyhawk,1989,Purple,Pakistan
603,Pontiac,Grand Am,2005,Purple,Honduras
604,Mazda,MPV,2005,Red,Indonesia
605,Audi,A4,2006,Turquoise,Nigeria
606,Mazda,MX-5,2004,Purple,China
607,Porsche,Boxster,2008,Aquamarine,Argentina
608,Ford,Crown Victoria,2002,Khaki,Central African Republic
609,Ford,E-Series,2002,Teal,China
610,Nissan,Maxima,1998,Turquoise,China
611,Ford,Festiva,1991,Pink,Argentina
612,Toyota,Celica,1998,Violet,Indonesia
613,Mazda,626,1996,Red,Indonesia
614,Subaru,Tribeca,2009,Pink,Peru
615,Lexus,GS,2000,Green,Indonesia
616,BMW,5 Series,1998,Indigo,Japan
617,Buick,Park Avenue,2004,Aquamarine,France
618,Ford,Fusion,2012,Puce,Argentina
619,Plymouth,Prowler,1999,Khaki,Ireland
620,Lincoln,Town Car,1993,Maroon,Russia
621,BMW,X3,2004,Red,Czech Republic
622,Toyota,Matrix,2011,Indigo,Poland
623,Chevrolet,Silverado 1500,2004,Yellow,Syria
624,Pontiac,Firebird,1999,Violet,China
625,Volkswagen,rio,1997,Indigo,Poland
626,Chrysler,Prowler,2002,Purple,Czech Republic
627,Subaru,SVX,1994,Indigo,Mongolia
628,Chevrolet,Silverado 3500,2002,Purple,Canada
629,Ford,Taurus,2010,Khaki,Azerbaijan
630,Toyota,Tacoma,2006,Teal,Indonesia
631,Subaru,Impreza,1999,Khaki,Japan
632,Pontiac,Grand Prix,2008,Pink,China
633,Mercedes-Benz,CL-Class,2002,Blue,Egypt
634,Chevrolet,Suburban 2500,2005,Maroon,China
635,GMC,Envoy XL,2002,Yellow,Syria
636,Hyundai,Sonata,2012,Mauv,Croatia
637,Honda,Accord,2007,Maroon,China
638,Bentley,Arnage,2005,Khaki,Philippines
639,Chevrolet,Venture,2002,Blue,Russia
640,Cadillac,Eldorado,1998,Crimson,Philippines
641,Subaru,Alcyone SVX,1997,Khaki,Canada
642,Volkswagen,Passat,2007,Crimson,Ivory Coast
643,Cadillac,Escalade ESV,2003,Mauv,Sweden
644,Audi,S4,2010,Fuscia,Bhutan
645,Dodge,Viper,2004,Green,Russia
646,Chevrolet,Tracker,2004,Red,Peru
647,Infiniti,EX,2008,Aquamarine,Kazakhstan
648,GMC,Safari,2002,Maroon,United States
649,Cadillac,Escalade ESV,2007,Khaki,China
650,Pontiac,Firefly,1995,Teal,Indonesia
651,Mazda,Miata MX-5,2011,Aquamarine,Spain
652,Ford,Taurus,1996,Teal,China
653,Chrysler,Concorde,1998,Khaki,Macedonia
654,Toyota,Yaris,2006,Crimson,Yemen
655,Volkswagen,Eos,2007,Violet,China
656,Audi,200,1991,Fuscia,France
657,Chevrolet,Classic,2004,Khaki,Japan
658,Toyota,RAV4,1999,Green,China
659,Shelby,GT350,1969,Orange,France
660,Suzuki,SJ 410,1986,Indigo,Indonesia
661,Honda,Insight,2012,Teal,Iran
662,Ferrari,599 GTB Fiorano,2008,Indigo,Cuba
663,Volkswagen,Eos,2008,Purple,China
664,Pontiac,Gemini,1986,Teal,Yemen
665,Maybach,57,2006,Crimson,Indonesia
666,Toyota,Prius,2010,Turquoise,Russia
667,Cadillac,XLR-V,2008,Pink,Russia
668,MINI,Cooper Clubman,2009,Maroon,Brazil
669,Mazda,Miata MX-5,2003,Mauv,China
670,Lexus,LS,2004,Maroon,Guyana
671,Dodge,Grand Caravan,2010,Violet,South Africa
672,Dodge,Ram 3500 Club,1995,Green,Portugal
673,Mitsubishi,Diamante,1999,Fuscia,France
674,Nissan,200SX,1998,Maroon,United States
675,Pontiac,Firebird,2002,Fuscia,China
676,Chevrolet,Suburban 1500,1994,Khaki,China
677,Pontiac,Firefly,1987,Purple,Slovenia
678,Chrysler,Cirrus,2000,Teal,Belarus
679,Ford,Bronco II,1990,Maroon,Portugal
680,Honda,CR-V,2012,Mauv,Mexico
681,Hyundai,Sonata,1999,Yellow,Philippines
682,Pontiac,Sunbird,1994,Mauv,Brazil
683,Ford,Courier,1987,Violet,Poland
684,Nissan,Armada,2010,Red,Greece
685,Lincoln,Town Car,1991,Maroon,Portugal
686,Mercedes-Benz,E-Class,2012,Goldenrod,China
687,Chrysler,PT Cruiser,2007,Turquoise,Brazil
688,Toyota,MR2,2005,Crimson,China
689,Volkswagen,Corrado,1992,Purple,Nigeria
690,Pontiac,Firebird,1989,Khaki,Portugal
691,Land Rover,Discovery,2005,Orange,Philippines
692,GMC,Sierra 2500,2007,Crimson,Finland
693,Oldsmobile,Intrigue,1998,Indigo,China
694,Lexus,RX,2001,Aquamarine,Indonesia
695,Ford,Mustang,2013,Red,Sweden
696,Porsche,911,1994,Mauv,China
697,Chevrolet,Sportvan G20,1995,Indigo,China
698,Mitsubishi,Outlander,2007,Red,Honduras
699,Chrysler,Concorde,1997,Teal,Indonesia
700,GMC,Savana 1500,2011,Yellow,China
701,Ford,Mustang,2011,Violet,Peru
702,Ford,Tempo,1987,Fuscia,Poland
703,Honda,CR-V,2003,Teal,Philippines
704,Chevrolet,Astro,2005,Aquamarine,Iran
705,GMC,2500,1996,Purple,Chile
706,Subaru,Forester,1999,Violet,Russia
707,Ford,Mustang,1999,Puce,Norway
708,Mazda,MX-5,2009,Turquoise,China
709,Mazda,Mazda3,2010,Orange,Philippines
710,Honda,Prelude,1997,Maroon,Angola
711,Porsche,Carrera GT,2004,Maroon,France
712,Acura,Legend,1992,Crimson,China
713,Chrysler,LHS,1995,Mauv,Sweden
714,Hyundai,Santa Fe,2002,Red,Indonesia
715,Mercedes-Benz,S-Class,2001,Fuscia,Brazil
716,Chevrolet,Corvette,1972,Blue,Thailand
717,Oldsmobile,Silhouette,2003,Indigo,Dominican Republic
718,Lincoln,Navigator L,2012,Khaki,Egypt
719,Lexus,ES,2012,Purple,China
720,Volkswagen,Golf,2001,Crimson,Nepal
721,Buick,Coachbuilder,1994,Green,China
722,Isuzu,Rodeo,1999,Pink,Russia
723,Mercury,Mountaineer,2004,Fuscia,France
724,MINI,Clubman,2010,Red,Czech Republic
725,Chevrolet,Express 1500,2006,Puce,Ecuador
726,Mazda,MX-5,1992,Orange,China
727,Mazda,Mazdaspeed 3,2011,Indigo,Philippines
728,Chevrolet,Impala,2012,Goldenrod,Iran
729,Saturn,L-Series,2004,Mauv,Philippines
730,Buick,Estate,1989,Turquoise,Philippines
731,Lexus,LX,2009,Indigo,Ukraine
732,Chrysler,LeBaron,1994,Violet,China
733,Infiniti,Q,1994,Pink,Japan
734,Mercedes-Benz,300CE,1992,Khaki,Vietnam
735,Acura,RL,2011,Maroon,Russia
736,Chevrolet,Colorado,2006,Yellow,Philippines
737,Buick,Century,1989,Purple,Finland
738,Buick,Skyhawk,1985,Aquamarine,Brazil
739,Hyundai,Accent,2000,Crimson,Ukraine
740,Chevrolet,HHR,2006,Green,Russia
741,Lexus,ES,2010,Yellow,Serbia
742,Nissan,Murano,2011,Turquoise,Peru
743,Dodge,Daytona,1984,Orange,China
744,Volkswagen,Eurovan,2002,Teal,China
745,Mazda,Protege5,2003,Puce,Indonesia
746,Chrysler,Crossfire,2008,Aquamarine,Portugal
747,GMC,1500 Club Coupe,1997,Crimson,China
748,Lexus,GX,2009,Indigo,Argentina
749,Chevrolet,Suburban 1500,1992,Indigo,Colombia
750,Chevrolet,Sportvan G10,1992,Green,Mauritania
751,Cadillac,Escalade,2010,Violet,Indonesia
752,Mazda,CX-9,2010,Teal,Philippines
753,Lincoln,Town Car,1998,Red,Russia
754,MINI,Cooper,2011,Crimson,Poland
755,Nissan,Altima,2011,Orange,Russia
756,Volvo,S60,2005,Violet,China
757,GMC,2500 Club Coupe,1992,Red,Israel
758,Lexus,SC,1994,Maroon,Japan
759,Mazda,MPV,2004,Teal,Indonesia
760,Nissan,Maxima,1990,Fuscia,Brazil
761,Dodge,Viper,1994,Pink,Cuba
762,Honda,CR-V,2004,Orange,Philippines
763,Audi,V8,1992,Purple,Indonesia
764,Mitsubishi,Raider,2007,Mauv,Indonesia
765,Toyota,Previa,1996,Fuscia,France
766,Mercury,Tracer,1995,Goldenrod,Greece
767,Chevrolet,2500,1999,Turquoise,China
768,Pontiac,6000,1986,Pink,United States
769,Aptera,Type-1h,2010,Purple,Belarus
770,Nissan,Frontier,2010,Violet,China
771,Mazda,MPV,1995,Khaki,China
772,Audi,Cabriolet,1994,Yellow,Philippines
773,Chevrolet,Venture,2003,Purple,Ukraine
774,Dodge,Neon,1998,Fuscia,China
775,Ford,Excursion,2004,Purple,Tajikistan
776,Kia,Sorento,2012,Crimson,United States
777,Toyota,Sienna,2003,Mauv,Ukraine
778,Ford,Crown Victoria,2001,Fuscia,Sweden
779,Land Rover,Freelander,2008,Orange,China
780,Hyundai,Scoupe,1992,Crimson,United States
781,Dodge,Dakota Club,2003,Purple,Colombia
782,Chevrolet,Express 3500,1998,Green,China
783,Ford,Five Hundred,2007,Yellow,Moldova
784,GMC,Yukon XL 1500,2006,Yellow,China
785,Ford,Mustang,1985,Red,China
786,Mitsubishi,Diamante,1999,Green,China
787,Ford,GT500,2008,Crimson,Russia
788,Mazda,Tribute,2002,Yellow,Vietnam
789,Acura,MDX,2007,Teal,China
790,Lincoln,Mark VIII,1998,Crimson,China
791,Nissan,Murano,2012,Mauv,Malawi
792,Subaru,SVX,1993,Teal,Hungary
793,Hyundai,Tiburon,2004,Fuscia,Indonesia
794,Lexus,SC,1996,Indigo,Slovenia
795,Mazda,MX-5,1991,Orange,Portugal
796,Jaguar,S-Type,2003,Indigo,Tonga
797,Jaguar,XK,2009,Goldenrod,Iran
798,Oldsmobile,Ciera,1992,Puce,Mexico
799,BMW,650,2006,Aquamarine,Sri Lanka
800,Suzuki,X-90,1996,Maroon,Bulgaria
801,Mitsubishi,Galant,1990,Red,Colombia
802,Volvo,850,1997,Crimson,China
803,Buick,Skylark,1990,Purple,Comoros
804,Volkswagen,GTI,1999,Turquoise,Czech Republic
805,Oldsmobile,Bravada,1994,Puce,Czech Republic
806,Ford,F250,1998,Mauv,Cuba
807,Ford,F250,1998,Maroon,China
808,Volkswagen,Routan,2011,Orange,Indonesia
809,Toyota,Sequoia,2007,Red,China
810,Kia,Sportage,2000,Violet,France
811,Mercury,Cougar,1996,Green,Sweden
812,Saab,9-5,2008,Pink,Lithuania
813,Nissan,Quest,1993,Blue,Greece
814,BMW,5 Series,2002,Violet,Philippines
815,Kia,Rondo,2009,Red,Portugal
816,Chevrolet,Avalanche 2500,2006,Fuscia,Philippines
817,Honda,Civic Si,2005,Fuscia,Russia
818,Ford,F250,2009,Mauv,Kenya
819,Pontiac,6000,1988,Green,Madagascar
820,Chrysler,Crossfire,2006,Green,China
821,Aston Martin,DB9,2007,Red,Mexico
822,Honda,CR-V,2004,Pink,China
823,Ford,Ranger,2007,Maroon,Indonesia
824,Jeep,Wrangler,1995,Crimson,China
825,Chevrolet,APV,1992,Fuscia,Brazil
826,Ford,ZX2,2001,Maroon,Ecuador
827,Volkswagen,Cabriolet,2000,Crimson,Argentina
828,Mercedes-Benz,CL-Class,2005,Mauv,Greece
829,Buick,Estate,1989,Maroon,Yemen
830,Mitsubishi,Outlander,2010,Indigo,Peru
831,Buick,Riviera,1992,Purple,Malaysia
832,Porsche,928,1993,Fuscia,Mexico
833,Ford,Falcon,1966,Crimson,China
834,Hyundai,Santa Fe,2012,Pink,China
835,Ford,Mustang,1986,Indigo,China
836,Lamborghini,Countach,1989,Goldenrod,Honduras
837,Acura,NSX,1999,Turquoise,United States
838,Infiniti,QX,2010,Pink,Indonesia
839,Pontiac,Fiero,1984,Red,United States
840,Buick,Skylark,1986,Crimson,Poland
841,Mitsubishi,Truck,1989,Goldenrod,Indonesia
842,Dodge,Intrepid,1998,Violet,France
843,Ferrari,612 Scaglietti,2009,Green,Poland
844,Chevrolet,G-Series G20,1992,Fuscia,Indonesia
845,Lexus,LX,2010,Purple,Russia
846,Chevrolet,Corvette,2007,Teal,Philippines
847,Tesla,Roadster,2010,Indigo,Indonesia
848,Mercedes-Benz,CL-Class,2007,Turquoise,Tanzania
849,Mercedes-Benz,S-Class,2009,Maroon,China
850,Plymouth,Voyager,1994,Turquoise,China
851,Acura,TL,2012,Fuscia,New Zealand
852,Dodge,Dynasty,1992,Fuscia,Sierra Leone
853,Mercury,Sable,1987,Indigo,Bahrain
854,Bentley,Continental Flying Spur,2007,Red,Argentina
855,Ford,Mustang,2006,Yellow,Malaysia
856,Chrysler,Town & Country,2002,Teal,China
857,Ford,Thunderbird,1989,Purple,China
858,Pontiac,Bonneville,2003,Purple,China
859,Volkswagen,rio,1997,Fuscia,Haiti
860,Kia,Rondo,2009,Red,China
861,Ford,F-Series,1989,Yellow,Russia
862,Volkswagen,Jetta,1995,Purple,Brazil
863,BMW,X3,2004,Crimson,Uzbekistan
864,Subaru,Leone,1988,Orange,Brazil
865,Nissan,Pathfinder,1997,Aquamarine,Indonesia
866,Porsche,911,1995,Yellow,Ukraine
867,Hyundai,Sonata,2000,Khaki,China
868,Jeep,Liberty,2002,Green,Myanmar
869,Chevrolet,Sportvan G30,1993,Crimson,Senegal
870,Jeep,Grand Cherokee,2003,Goldenrod,China
871,Pontiac,Sunfire,2002,Red,Brazil
872,Chrysler,Town & Country,1993,Teal,China
873,Pontiac,Grand Prix,1990,Crimson,Ivory Coast
874,Pontiac,GTO,1972,Yellow,Argentina
875,Mercedes-Benz,CL65 AMG,2009,Turquoise,China
876,Audi,TT,2008,Fuscia,China
877,Toyota,Avalon,1996,Maroon,Peru
878,Honda,del Sol,1995,Crimson,Indonesia
879,Ram,3500,2012,Green,Indonesia
880,GMC,Envoy XL,2005,Crimson,Brazil
881,Audi,100,1992,Maroon,Indonesia
882,Infiniti,G35,2006,Teal,Greece
883,Infiniti,QX56,2011,Purple,United States
884,Oldsmobile,Alero,1999,Crimson,France
885,Buick,Lucerne,2010,Purple,China
886,Porsche,911,1997,Yellow,China
887,Pontiac,Torrent,2006,Orange,Bolivia
888,BMW,M5,2008,Yellow,Poland
889,Plymouth,Voyager,1985,Yellow,Indonesia
890,Toyota,Land Cruiser,2011,Red,Paraguay
891,Mitsubishi,Expo,1995,Red,China
892,Volvo,S40,2010,Green,Guatemala
893,Mercedes-Benz,E-Class,2011,Pink,Russia
894,Dodge,Ram Van 2500,1997,Red,Mongolia
895,Ford,F250,1992,Mauv,Sweden
896,Infiniti,G37,2012,Goldenrod,China
897,Honda,Accord,1999,Puce,China
898,GMC,Savana 3500,2000,Violet,China
899,Mercury,Sable,2000,Goldenrod,Pakistan
900,Pontiac,G6,2009,Yellow,China
901,Mazda,Mazda6,2003,Khaki,Nigeria
902,Jeep,Patriot,2009,Violet,South Africa
903,Eagle,Talon,1998,Khaki,Indonesia
904,Pontiac,Sunfire,2000,Red,China
905,Mazda,Protege,1992,Puce,Reunion
906,BMW,8 Series,1994,Fuscia,China
907,Nissan,Maxima,1990,Indigo,China
908,Chevrolet,Avalanche 1500,2002,Crimson,Indonesia
909,Dodge,Caliber,2008,Crimson,Peru
910,BMW,3 Series,2009,Violet,Russia
911,Mitsubishi,Eclipse,1991,Blue,Argentina
912,Chevrolet,Avalanche 1500,2002,Crimson,Colombia
913,Nissan,Sentra,2002,Indigo,Morocco
914,BMW,Z4,2003,Fuscia,Netherlands
915,Mazda,MX-3,1995,Violet,Greece
916,Kia,Rio,2008,Puce,French Polynesia
917,Chevrolet,Silverado 3500,2003,Red,Russia
918,Ford,Escape,2006,Orange,Philippines
919,Ford,Expedition,2011,Violet,Chile
920,Pontiac,Firebird,1989,Red,South Africa
921,Mitsubishi,Challenger,2003,Goldenrod,Brazil
922,Studebaker,Avanti,1962,Green,Guatemala
923,Mitsubishi,Chariot,1993,Teal,Indonesia
924,Toyota,Tercel,1998,Violet,Estonia
925,Pontiac,Sunbird,1994,Blue,Mexico
926,Aptera,Typ-1,2008,Turquoise,China
927,Hyundai,Accent,2000,Violet,Jordan
928,Mercedes-Benz,CL-Class,2002,Yellow,Portugal
929,Chevrolet,Suburban 2500,1997,Green,Philippines
930,Audi,Q7,2008,Green,El Salvador
931,Mercury,Lynx,1987,Khaki,Azerbaijan
932,Suzuki,XL7,2009,Goldenrod,Latvia
933,Buick,Century,1985,Puce,United Kingdom
934,Volvo,V70,2004,Pink,Azerbaijan
935,Mitsubishi,Montero Sport,1998,Yellow,Russia
936,Kia,Optima,2006,Purple,Slovenia
937,Chrysler,300M,1999,Blue,Vietnam
938,Chevrolet,Monte Carlo,1996,Khaki,Indonesia
939,Mercedes-Benz,CL-Class,2001,Puce,Bulgaria
940,Ford,F350,2012,Goldenrod,Indonesia
941,Ford,Taurus,2011,Khaki,Russia
942,Ford,Escort,2002,Khaki,China
943,Ford,E-Series,2002,Yellow,Cuba
944,Lexus,ES,2003,Violet,Japan
945,Land Rover,LR4,2010,Teal,China
946,Chevrolet,Suburban 1500,1993,Crimson,Nigeria
947,Mercedes-Benz,M-Class,2008,Orange,China
948,Mazda,MX-6,1989,Purple,China
949,Ford,Expedition,1998,Orange,Portugal
950,Dodge,Viper,1999,Fuscia,China
951,Toyota,4Runner,2008,Indigo,Norway
952,Acura,Integra,2000,Mauv,Ukraine
953,Volvo,V40,2000,Purple,Brazil
954,Honda,Civic,2012,Green,Norway
955,Saab,9-5,2011,Mauv,Venezuela
956,Dodge,Dakota Club,2006,Fuscia,China
957,Acura,MDX,2003,Orange,United States
958,Ford,Tempo,1994,Puce,Denmark
959,Nissan,Frontier,2006,Green,Philippines
960,Toyota,TundraMax,2008,Khaki,Malaysia
961,Mercury,Mariner,2011,Goldenrod,Indonesia
962,Mazda,Protege,2003,Maroon,United States
963,Ferrari,F430 Spider,2006,Maroon,Indonesia
964,Mitsubishi,3000GT,1992,Khaki,Mexico
965,Buick,Skylark,1989,Indigo,Dominican Republic
966,Audi,S4,2005,Fuscia,Czech Republic
967,Lincoln,Mark VII,1984,Teal,Japan
968,Toyota,Tercel,1998,Blue,Philippines
969,Honda,Accord,1998,Maroon,Czech Republic
970,Ford,Bronco,1992,Fuscia,China
971,Saab,9000,1991,Puce,China
972,Volvo,S90,1997,Green,Ukraine
973,GMC,Savana,2011,Pink,Malaysia
974,Mercury,Cougar,1992,Violet,China
975,Dodge,Durango,2000,Turquoise,Bulgaria
976,Chrysler,300,2012,Yellow,Tunisia
977,Mercedes-Benz,SL-Class,1999,Fuscia,Thailand
978,Lamborghini,Diablo,1992,Maroon,Czech Republic
979,GMC,Savana 1500,2002,Puce,Yemen
980,Buick,Riviera,1992,Pink,Afghanistan
981,Mitsubishi,Mirage,1987,Aquamarine,Russia
982,BMW,7 Series,2011,Mauv,Kuwait
983,Chevrolet,G-Series G10,1992,Turquoise,Indonesia
984,Subaru,Forester,2010,Puce,China
985,Acura,RDX,2011,Red,Tajikistan
986,Mitsubishi,Montero,2000,Maroon,Nigeria
987,Jeep,Wrangler,2011,Khaki,Russia
988,Ford,Taurus,1991,Turquoise,Uganda
989,Cadillac,STS,2008,Puce,Vietnam
990,Ford,Explorer Sport Trac,2005,Khaki,Bangladesh
991,Toyota,Previa,1994,Violet,China
992,Dodge,Dakota,2009,Indigo,Indonesia
993,GMC,Envoy,2004,Crimson,Indonesia
994,Jeep,Wrangler,1993,Blue,Mexico
995,Buick,Skylark,1996,Purple,Indonesia
996,Mazda,MX-6,1993,Red,Thailand
997,Dodge,Neon,1997,Yellow,Philippines
998,Porsche,911,2001,Puce,Pakistan
999,Hyundai,Elantra,1997,Blue,China
1000,Toyota,Echo,2000,Crimson,Poland
